{
    "q1" : 0.409575,
    "median" : 0.458502,
    "q3" : 0.541525
}